year,month,month_num,symbol,first_close,last_close,monthly_return
2023,October,10,ADANIENT,2387.25,2294.65,-3.878940203162631
2023,October,10,ADANIPORTS,831.4,784.75,-5.611017560740916
2023,October,10,APOLLOHOSP,5118.95,4819.9,-5.842018382676138
2023,October,10,ASIANPAINT,3166.85,2995.7,-5.404423954402643
2023,October,10,AXISBANK,1041.05,981.85,-5.686566447336817
2023,October,10,BAJAJ-AUTO,5016.45,5314.05,5.932482133779872
2023,October,10,BAJAJFINSV,1561.05,1569.55,0.5445053009192531
2023,October,10,BAJFINANCE,7967.6,7492.65,-5.961017119333309
2023,October,10,BEL,139.2,133.25,-4.274425287356314
2023,October,10,BHARTIARTL,925.3,914.4,-1.1779963255160464
2023,October,10,BPCL,170.68,174.63,2.3142723224747996
2023,October,10,BRITANNIA,4495.45,4426.5,-1.5337730371820357
2023,October,10,CIPLA,1182.8,1200.0,1.4541765302671665
2023,October,10,COALINDIA,291.9,314.25,7.65673175745119
2023,October,10,DRREDDY,1092.34,1073.51,-1.7238222531446186
2023,October,10,EICHERMOT,3351.4,3295.55,-1.6664677448230563
2023,October,10,GRASIM,1913.84,1879.23,-1.808406136354131
2023,October,10,HCLTECH,1238.7,1276.0,3.011221441834177
2023,October,10,HDFCBANK,1508.05,1476.5,-2.0921056994131466
2023,October,10,HDFCLIFE,633.55,618.35,-2.3991792281587774
2023,October,10,HEROMOTOCO,3015.6,3088.35,2.412455232789495
2023,October,10,HINDALCO,479.95,459.5,-4.260860506302738
2023,October,10,HINDUNILVR,2468.9,2484.0,0.6116084086030179
2023,October,10,ICICIBANK,940.3,915.35,-2.6534084866531886
2023,October,10,INDUSINDBK,1435.4,1441.3,0.41103525149783077
2023,October,10,INFY,1434.0,1368.4,-4.57461645746164
2023,October,10,ITC,439.75,428.4,-2.5810119386014834
2023,October,10,JSWSTEEL,770.25,736.35,-4.40116845180136
2023,October,10,KOTAKBANK,1727.05,1739.4,0.7150922092585702
2023,October,10,LT,3073.25,2929.05,-4.692101195802483
2023,October,10,M&M,1537.4,1458.6,-5.125536620267996
2023,October,10,MARUTI,10346.9,10392.3,0.43877876465414406
2023,October,10,NESTLEIND,2231.52,2423.48,8.602208360220837
2023,October,10,NTPC,241.2,235.8,-2.2388059701492447
2023,October,10,ONGC,184.6,186.15,0.839653304442043
2023,October,10,POWERGRID,199.55,202.15,1.3029315960912022
2023,October,10,RELIANCE,1159.08,1143.95,-1.3053456189391486
2023,October,10,SBILIFE,1292.45,1367.85,5.833881388061423
2023,October,10,SBIN,602.95,565.55,-6.202836056057731
2023,October,10,SHRIRAMFIN,1921.95,1879.85,-2.1904836234033214
2023,October,10,SUNPHARMA,1141.45,1088.6,-4.630075780805129
2023,October,10,TATACONSUM,861.2,889.44,3.279145378541571
2023,October,10,TATAMOTORS,620.45,628.65,1.321621403819797
2023,October,10,TATASTEEL,128.0,118.75,-7.2265625
2023,October,10,TCS,3513.85,3368.75,-4.1293737638203085
2023,October,10,TECHM,1216.2,1133.15,-6.828646604176941
2023,October,10,TITAN,3196.25,3189.65,-0.2064919827923319
2023,October,10,TRENT,2059.1,2154.7,4.642805109028212
2023,October,10,ULTRACEMCO,8304.9,8422.25,1.4130212284314123
2023,October,10,WIPRO,405.45,381.8,-5.83302503391293
2023,November,11,ADANIENT,2217.3,2358.55,6.370360348171198
2023,November,11,ADANIPORTS,769.1,825.5,7.333246651930825
2023,November,11,APOLLOHOSP,4796.55,5528.95,15.269308148565106
2023,November,11,ASIANPAINT,2934.55,3119.9,6.316130241433947
2023,November,11,AXISBANK,971.8,1074.25,10.542292652809225
2023,November,11,BAJAJ-AUTO,5344.35,6090.55,13.962408899117756
2023,November,11,BAJAJFINSV,1572.85,1673.5,6.399211622214458
2023,November,11,BAJFINANCE,7471.9,7121.9,-4.684216865857413
2023,November,11,BEL,132.4,145.9,10.196374622356496
2023,November,11,BHARTIARTL,913.45,1014.7,11.084350539164705
2023,November,11,BPCL,178.45,217.85,22.07901372933595
2023,November,11,BRITANNIA,4397.3,4852.65,10.35521797466626
2023,November,11,CIPLA,1201.25,1212.3,0.919875130072837
2023,November,11,COALINDIA,306.65,342.15,11.576716125876407
2023,November,11,DRREDDY,1069.29,1157.63,8.261556733907561
2023,November,11,EICHERMOT,3282.25,3896.9,18.72648335745297
2023,November,11,GRASIM,1861.15,1997.51,7.32665287591005
2023,November,11,HCLTECH,1258.95,1340.9,6.509392747924861
2023,November,11,HDFCBANK,1474.5,1558.8,5.717192268565612
2023,November,11,HDFCLIFE,620.05,690.75,11.402306265623748
2023,November,11,HEROMOTOCO,3092.45,3819.05,23.495933644844715
2023,November,11,HINDALCO,462.7,515.65,11.443700021612274
2023,November,11,HINDUNILVR,2472.25,2545.55,2.964910506623528
2023,November,11,ICICIBANK,914.05,934.95,2.286526995240971
2023,November,11,INDUSINDBK,1432.6,1466.1,2.338405695937457
2023,November,11,INFY,1354.15,1455.15,7.458553336041058
2023,November,11,ITC,428.1,435.8,1.7986451763606606
2023,November,11,JSWSTEEL,724.45,801.1,10.580440334046514
2023,November,11,KOTAKBANK,1724.4,1755.45,1.8006263048016675
2023,November,11,LT,2895.3,3109.2,7.387835457465535
2023,November,11,M&M,1454.6,1647.75,13.27856455382924
2023,November,11,MARUTI,10227.8,10608.7,3.724163554234552
2023,November,11,NESTLEIND,2387.27,2423.61,1.5222408860330061
2023,November,11,NTPC,232.6,261.3,12.338779019776448
2023,November,11,ONGC,186.7,194.95,4.418853776111408
2023,November,11,POWERGRID,200.95,208.95,3.9810898233391394
2023,November,11,RELIANCE,1148.7,1188.72,3.4839383651083815
2023,November,11,SBILIFE,1336.05,1435.25,7.424871823659298
2023,November,11,SBIN,566.4,564.75,-0.2913135593220299
2023,November,11,SHRIRAMFIN,1902.25,2007.2,5.517150742541729
2023,November,11,SUNPHARMA,1116.2,1225.85,9.82350833184016
2023,November,11,TATACONSUM,892.06,929.2,4.163397080913851
2023,November,11,TATAMOTORS,627.7,706.4,12.537836546120745
2023,November,11,TATASTEEL,116.6,127.9,9.691252144082343
2023,November,11,TCS,3330.65,3487.6,4.712293396183923
2023,November,11,TECHM,1125.1,1220.95,8.519242733979214
2023,November,11,TITAN,3173.4,3490.6,9.995588327976296
2023,November,11,TRENT,2197.65,2787.0,26.817282096785195
2023,November,11,ULTRACEMCO,8381.45,9003.65,7.4235365002475575
2023,November,11,WIPRO,380.95,413.05,8.42630266439166
2023,December,12,ADANIENT,2362.7,2848.95,20.580268337071995
2023,December,12,ADANIPORTS,827.8,1024.35,23.74365788837883
2023,December,12,APOLLOHOSP,5591.15,5704.1,2.0201568550298368
2023,December,12,ASIANPAINT,3173.4,3402.4,7.216234953047204
2023,December,12,AXISBANK,1104.65,1102.3,-0.21273706603902923
2023,December,12,BAJAJ-AUTO,6046.05,6797.25,12.424640881236506
2023,December,12,BAJAJFINSV,1685.95,1685.8,-0.008897061004187013
2023,December,12,BAJFINANCE,7259.35,7327.75,0.9422331200451781
2023,December,12,BEL,147.45,184.2,24.923702950152595
2023,December,12,BHARTIARTL,1014.7,1032.2,1.7246476791169802
2023,December,12,BPCL,219.0,225.33,2.8904109589041154
2023,December,12,BRITANNIA,4970.75,5338.45,7.397274053211282
2023,December,12,CIPLA,1205.7,1246.3,3.3673384755743476
2023,December,12,COALINDIA,346.65,376.0,8.466753209288916
2023,December,12,DRREDDY,1149.88,1159.58,0.8435662851775678
2023,December,12,EICHERMOT,3891.2,4143.5,6.483861019736848
2023,December,12,GRASIM,2008.07,2126.35,5.890232910207312
2023,December,12,HCLTECH,1336.7,1466.1,9.68055659459863
2023,December,12,HDFCBANK,1555.4,1709.25,9.891346277484885
2023,December,12,HDFCLIFE,682.15,646.7,-5.19680422194531
2023,December,12,HEROMOTOCO,3760.0,4139.55,10.094414893617026
2023,December,12,HINDALCO,517.2,614.85,18.88051044083526
2023,December,12,HINDUNILVR,2563.65,2663.95,3.9123905369297574
2023,December,12,ICICIBANK,946.7,996.6,5.270941164043517
2023,December,12,INDUSINDBK,1461.05,1598.95,9.438417576400541
2023,December,12,INFY,1452.3,1542.9,6.238380499896725
2023,December,12,ITC,449.8,462.1,2.7345486883059165
2023,December,12,JSWSTEEL,810.8,880.25,8.565614208189448
2023,December,12,KOTAKBANK,1750.5,1908.1,9.003141959440155
2023,December,12,LT,3190.65,3526.0,10.510397567893687
2023,December,12,M&M,1625.5,1729.4,6.391879421716401
2023,December,12,MARUTI,10585.7,10302.3,-2.677196595407025
2023,December,12,NESTLEIND,2433.86,2658.03,9.210472253950517
2023,December,12,NTPC,268.95,311.15,15.690648819483172
2023,December,12,ONGC,194.55,205.05,5.397070161912104
2023,December,12,POWERGRID,210.2,237.2,12.844909609895339
2023,December,12,RELIANCE,1197.15,1292.47,7.962243662030651
2023,December,12,SBILIFE,1423.65,1432.6,0.6286657535208666
2023,December,12,SBIN,571.75,642.05,12.295583734149533
2023,December,12,SHRIRAMFIN,2003.25,2053.3,2.4984400349432265
2023,December,12,SUNPHARMA,1231.25,1259.45,2.2903553299492425
2023,December,12,TATACONSUM,931.27,1073.46,15.268396920334604
2023,December,12,TATAMOTORS,705.45,779.95,10.560635055638244
2023,December,12,TATASTEEL,130.0,139.6,7.38461538461538
2023,December,12,TCS,3511.65,3793.4,8.023293893184116
2023,December,12,TECHM,1220.55,1272.65,4.268567449100827
2023,December,12,TITAN,3489.5,3675.45,5.328843673878774
2023,December,12,TRENT,2807.7,3054.95,8.806140257149982
2023,December,12,ULTRACEMCO,9033.85,10503.0,16.262722980788915
2023,December,12,WIPRO,407.65,471.3,15.61388445970809
2024,January,1,ADANIENT,2917.2,3142.0,7.70601947072536
2024,January,1,ADANIPORTS,1047.85,1207.65,15.250274371331793
2024,January,1,APOLLOHOSP,5750.05,6352.95,10.485126216293764
2024,January,1,ASIANPAINT,3396.1,2957.85,-12.904508112246402
2024,January,1,AXISBANK,1097.7,1067.75,-2.7284321763687753
2024,January,1,BAJAJ-AUTO,6701.1,7667.55,14.422259032099205
2024,January,1,BAJAJFINSV,1676.4,1627.3,-2.9288952517299056
2024,January,1,BAJFINANCE,7299.05,6862.9,-5.975435159370062
2024,January,1,BEL,184.95,185.9,0.513652338469866
2024,January,1,BHARTIARTL,1013.05,1170.7,15.56191698336707
2024,January,1,BPCL,226.03,251.18,11.126841569703139
2024,January,1,BRITANNIA,5319.8,5198.4,-2.2820406782209957
2024,January,1,CIPLA,1251.0,1351.0,7.993605115907274
2024,January,1,COALINDIA,381.8,406.15,6.3776846516500685
2024,January,1,DRREDDY,1164.33,1224.23,5.1445895922977245
2024,January,1,EICHERMOT,4038.35,3839.6,-4.921564500352868
2024,January,1,GRASIM,2118.88,2175.0,2.648569055349991
2024,January,1,HCLTECH,1483.75,1576.0,6.217354675652906
2024,January,1,HDFCBANK,1698.1,1462.55,-13.871385666332959
2024,January,1,HDFCLIFE,648.7,576.6,-11.114536765839373
2024,January,1,HEROMOTOCO,4118.55,4621.55,12.21303614136043
2024,January,1,HINDALCO,610.4,579.35,-5.086828309305366
2024,January,1,HINDUNILVR,2654.75,2481.55,-6.524154816837736
2024,January,1,ICICIBANK,999.4,1028.15,2.876726035621384
2024,January,1,INDUSINDBK,1598.85,1534.05,-4.052913031241203
2024,January,1,INFY,1551.35,1660.9,7.061591517065794
2024,January,1,ITC,468.05,441.55,-5.661788270483922
2024,January,1,JSWSTEEL,877.6,818.65,-6.717183226982685
2024,January,1,KOTAKBANK,1909.15,1825.25,-4.394625880627509
2024,January,1,LT,3525.45,3479.75,-1.2962884170815023
2024,January,1,M&M,1703.3,1651.55,-3.0382199260259495
2024,January,1,MARUTI,10283.3,10186.9,-0.9374422607528677
2024,January,1,NESTLEIND,2737.24,2506.0,-8.447925647732745
2024,January,1,NTPC,309.75,317.5,2.5020177562550443
2024,January,1,ONGC,205.35,252.25,22.83905527148771
2024,January,1,POWERGRID,238.25,259.3,8.835257082896122
2024,January,1,RELIANCE,1295.13,1426.63,10.153420892111216
2024,January,1,SBILIFE,1432.1,1401.15,-2.161161930032806
2024,January,1,SBIN,641.35,640.5,-0.13253293833320692
2024,January,1,SHRIRAMFIN,2048.85,2466.8,20.399248358835457
2024,January,1,SUNPHARMA,1260.25,1418.45,12.553064868081734
2024,January,1,TATACONSUM,1066.84,1104.27,3.508492369989883
2024,January,1,TATAMOTORS,790.6,884.2,11.839109537060462
2024,January,1,TATASTEEL,139.85,135.95,-2.78870218090812
2024,January,1,TCS,3811.1,3815.95,0.1272598462386164
2024,January,1,TECHM,1297.15,1333.65,2.813861157152218
2024,January,1,TITAN,3677.15,3697.55,0.5547774771222304
2024,January,1,TRENT,3002.1,3086.95,2.826354884913891
2024,January,1,ULTRACEMCO,10464.0,10167.3,-2.8354357798165206
2024,January,1,WIPRO,477.15,478.15,0.2095777009326208
2024,February,2,ADANIENT,3153.5,3285.4,4.182654193752976
2024,February,2,ADANIPORTS,1218.85,1320.5,8.33982852689011
2024,February,2,APOLLOHOSP,6287.95,6101.6,-2.9636049904976893
2024,February,2,ASIANPAINT,2929.35,2821.9,-3.6680492259374886
2024,February,2,AXISBANK,1084.25,1075.1,-0.8439013142725471
2024,February,2,BAJAJ-AUTO,7655.75,7909.35,3.3125428599418782
2024,February,2,BAJAJFINSV,1622.25,1593.8,-1.7537370935429217
2024,February,2,BAJFINANCE,6743.3,6495.35,-3.676983079501132
2024,February,2,BEL,183.4,205.1,11.832061068702284
2024,February,2,BHARTIARTL,1151.2,1123.35,-2.419214732453104
2024,February,2,BPCL,254.23,301.93,18.762537859418643
2024,February,2,BRITANNIA,5148.6,4965.2,-3.562133395486162
2024,February,2,CIPLA,1387.65,1480.35,6.680358880121054
2024,February,2,COALINDIA,406.7,436.7,7.376444553725105
2024,February,2,DRREDDY,1198.63,1284.85,7.193212250652811
2024,February,2,EICHERMOT,3933.2,3792.4,-3.5797823655039087
2024,February,2,GRASIM,2128.6,2191.4,2.9502959691816306
2024,February,2,HCLTECH,1577.4,1663.85,5.480537593508293
2024,February,2,HDFCBANK,1466.35,1403.4,-4.29297234630203
2024,February,2,HDFCLIFE,587.1,582.0,-0.868676545733269
2024,February,2,HEROMOTOCO,4586.7,4426.5,-3.4927071750932
2024,February,2,HINDALCO,571.25,503.85,-11.798687089715532
2024,February,2,HINDUNILVR,2473.6,2412.3,-2.4781694695989542
2024,February,2,ICICIBANK,1025.15,1052.2,2.6386382480612545
2024,February,2,INDUSINDBK,1541.15,1474.9,-4.298737955422898
2024,February,2,INFY,1657.05,1673.9,1.0168673244621549
2024,February,2,ITC,442.9,406.3,-8.263716414540522
2024,February,2,JSWSTEEL,801.7,800.1,-0.19957590120993174
2024,February,2,KOTAKBANK,1822.75,1689.45,-7.313125771499106
2024,February,2,LT,3398.0,3477.55,2.3410829899941197
2024,February,2,M&M,1651.15,1932.4,17.03358265451352
2024,February,2,MARUTI,10638.0,11288.35,6.113461176912957
2024,February,2,NESTLEIND,2467.8,2596.2,5.203014831023569
2024,February,2,NTPC,322.0,335.6,4.223602484472057
2024,February,2,ONGC,247.65,264.6,6.844336765596615
2024,February,2,POWERGRID,265.8,282.85,6.4145974416854825
2024,February,2,RELIANCE,1426.65,1460.8,2.3937195527985042
2024,February,2,SBILIFE,1432.75,1552.55,8.361542488221946
2024,February,2,SBIN,647.65,748.1,15.509920481741691
2024,February,2,SHRIRAMFIN,2397.2,2438.6,1.7270148506591063
2024,February,2,SUNPHARMA,1407.95,1577.95,12.074292410952093
2024,February,2,TATACONSUM,1115.78,1175.44,5.346932190933704
2024,February,2,TATAMOTORS,878.5,950.2,8.161639157655099
2024,February,2,TATASTEEL,134.8,140.85,4.488130563798206
2024,February,2,TCS,3854.15,4095.1,6.251702710065768
2024,February,2,TECHM,1312.5,1273.85,-2.944761904761912
2024,February,2,TITAN,3627.45,3624.4,-0.08408110380569621
2024,February,2,TRENT,3102.8,3881.8,25.10635554982596
2024,February,2,ULTRACEMCO,9922.3,9892.4,-0.3013414228555843
2024,February,2,WIPRO,471.35,518.6,10.024398005728226
2024,March,3,ADANIENT,3318.75,3197.1,-3.6655367231638447
2024,March,3,ADANIPORTS,1322.1,1341.85,1.493835564632025
2024,March,3,APOLLOHOSP,6085.4,6356.8,4.459854734282062
2024,March,3,ASIANPAINT,2831.75,2846.75,0.5297077778758718
2024,March,3,AXISBANK,1099.25,1047.2,-4.735046622697289
2024,March,3,BAJAJ-AUTO,8040.05,9148.15,13.782252597931599
2024,March,3,BAJAJFINSV,1613.4,1643.85,1.8873187058385903
2024,March,3,BAJFINANCE,6571.45,7245.25,10.253444825723397
2024,March,3,BEL,205.6,201.5,-1.994163424124511
2024,March,3,BHARTIARTL,1128.7,1228.6,8.85089040489057
2024,March,3,BPCL,311.65,301.2,-3.353120487726613
2024,March,3,BRITANNIA,4927.7,4911.25,-0.33382714045091666
2024,March,3,CIPLA,1470.9,1496.95,1.771024542796924
2024,March,3,COALINDIA,446.35,434.1,-2.7444830290131064
2024,March,3,DRREDDY,1238.71,1231.58,-0.5755988084378191
2024,March,3,EICHERMOT,3843.55,4019.3,4.57259564725319
2024,March,3,GRASIM,2254.9,2287.3,1.4368708146702776
2024,March,3,HCLTECH,1644.1,1543.55,-6.115808040873424
2024,March,3,HDFCBANK,1430.75,1447.9,1.198672025161635
2024,March,3,HDFCLIFE,589.95,633.35,7.356555640308496
2024,March,3,HEROMOTOCO,4507.1,4722.3,4.774688824299434
2024,March,3,HINDALCO,519.1,560.25,7.92718166056636
2024,March,3,HINDUNILVR,2409.7,2264.35,-6.031871187284721
2024,March,3,ICICIBANK,1086.9,1093.3,0.5888306191921854
2024,March,3,INDUSINDBK,1526.65,1553.0,1.7260013755608625
2024,March,3,INFY,1654.7,1498.05,-9.46697286517194
2024,March,3,ITC,409.5,428.35,4.603174603174609
2024,March,3,JSWSTEEL,836.2,830.2,-0.7175316909830184
2024,March,3,KOTAKBANK,1727.7,1785.5,3.34548822133472
2024,March,3,LT,3633.5,3763.9,3.588826200633001
2024,March,3,M&M,1972.95,1921.35,-2.6153729187257726
2024,March,3,MARUTI,11620.95,12600.35,8.427882402041137
2024,March,3,NESTLEIND,2601.45,2622.35,0.8033981049030384
2024,March,3,NTPC,343.5,335.8,-2.241630276564771
2024,March,3,ONGC,270.55,268.05,-0.9240436148586212
2024,March,3,POWERGRID,287.7,276.9,-3.7539103232533932
2024,March,3,RELIANCE,1492.13,1485.85,-0.42087485674842
2024,March,3,SBILIFE,1542.15,1500.25,-2.7169860260026644
2024,March,3,SBIN,769.15,752.35,-2.1842293440811225
2024,March,3,SHRIRAMFIN,2450.45,2359.8,-3.699320532963319
2024,March,3,SUNPHARMA,1559.25,1620.55,3.931377264710595
2024,March,3,TATACONSUM,1186.26,1082.74,-8.726586077251191
2024,March,3,TATAMOTORS,977.4,992.8,1.5756087579291977
2024,March,3,TATASTEEL,149.95,155.85,3.934644881627213
2024,March,3,TCS,4094.35,3876.3,-5.325631663145548
2024,March,3,TECHM,1271.8,1248.1,-1.86350055040101
2024,March,3,TITAN,3765.9,3801.8,0.9532913778910775
2024,March,3,TRENT,3901.25,3948.0,1.1983338673502082
2024,March,3,ULTRACEMCO,10135.5,9749.15,-3.811849440086827
2024,March,3,WIPRO,519.1,480.1,-7.513003274898863
2024,April,4,ADANIENT,3252.1,3054.7,-6.0699240490759845
2024,April,4,ADANIPORTS,1375.9,1324.9,-3.706664728541318
2024,April,4,APOLLOHOSP,6457.25,5947.1,-7.900422006272015
2024,April,4,ASIANPAINT,2871.0,2875.9,0.17067223963776004
2024,April,4,AXISBANK,1053.1,1165.9,10.711233501092032
2024,April,4,BAJAJ-AUTO,9042.15,8903.65,-1.5317153553081955
2024,April,4,BAJAJFINSV,1646.0,1615.0,-1.8833535844471445
2024,April,4,BAJFINANCE,7250.95,6923.55,-4.51527041284245
2024,April,4,BEL,211.1,233.75,10.72951207958314
2024,April,4,BHARTIARTL,1217.35,1322.3,8.621185361646203
2024,April,4,BPCL,300.35,303.68,1.108706509072743
2024,April,4,BRITANNIA,4895.2,4775.95,-2.4360598136950484
2024,April,4,CIPLA,1498.65,1400.0,-6.582590998565381
2024,April,4,COALINDIA,442.05,454.3,2.771179730799683
2024,April,4,DRREDDY,1250.07,1240.86,-0.7367587415104784
2024,April,4,EICHERMOT,3946.65,4597.4,16.488667604170615
2024,April,4,GRASIM,2292.55,2411.65,5.195088438638193
2024,April,4,HCLTECH,1556.7,1366.6,-12.211729941543016
2024,April,4,HDFCBANK,1470.5,1520.1,3.3730023801428026
2024,April,4,HDFCLIFE,634.75,583.65,-8.0504135486412
2024,April,4,HEROMOTOCO,4680.75,4543.05,-2.941836244191632
2024,April,4,HINDALCO,568.6,644.4,13.33098839254308
2024,April,4,HINDUNILVR,2285.9,2230.45,-2.4257404085918135
2024,April,4,ICICIBANK,1099.65,1150.4,4.615104806074659
2024,April,4,INDUSINDBK,1542.4,1515.7,-1.7310684647302934
2024,April,4,INFY,1495.45,1420.55,-5.008525861780741
2024,April,4,ITC,426.7,435.65,2.097492383407544
2024,April,4,JSWSTEEL,871.95,882.2,1.1755261196169504
2024,April,4,KOTAKBANK,1790.7,1623.95,-9.312000893505333
2024,April,4,LT,3838.0,3594.3,-6.349661281917661
2024,April,4,M&M,1915.95,2156.35,12.547300294892866
2024,April,4,MARUTI,12569.6,12817.5,1.972218686354376
2024,April,4,NESTLEIND,2585.6,2507.4,-3.0244430693069235
2024,April,4,NTPC,342.35,363.2,6.0902585073754825
2024,April,4,ONGC,269.9,282.85,4.798073360503908
2024,April,4,POWERGRID,280.15,301.85,7.745850437265768
2024,April,4,RELIANCE,1484.78,1467.0,-1.1974838023141456
2024,April,4,SBILIFE,1489.95,1436.55,-3.5840128863384737
2024,April,4,SBIN,758.3,826.25,8.96083344322828
2024,April,4,SHRIRAMFIN,2431.75,2551.7,4.932661663411117
2024,April,4,SUNPHARMA,1629.25,1502.1,-7.804204388522332
2024,April,4,TATACONSUM,1073.56,1094.74,1.9728752934163034
2024,April,4,TATAMOTORS,992.25,1007.9,1.5772234819853843
2024,April,4,TATASTEEL,163.15,165.0,1.1339258351210506
2024,April,4,TCS,3916.75,3820.65,-2.4535648177698324
2024,April,4,TECHM,1244.55,1263.5,1.5226387047527257
2024,April,4,TITAN,3738.4,3589.25,-3.9896747271560047
2024,April,4,TRENT,3886.8,4409.9,13.458371925491392
2024,April,4,ULTRACEMCO,9954.4,9971.85,0.17529936510488556
2024,April,4,WIPRO,484.95,462.4,-4.649963913805549
2024,May,5,ADANIENT,3039.6,3411.35,12.230227661534412
2024,May,5,ADANIPORTS,1338.8,1437.4,7.364804302360334
2024,May,5,APOLLOHOSP,5958.55,5839.2,-2.0030040865646903
2024,May,5,ASIANPAINT,2975.4,2881.2,-3.165960879209527
2024,May,5,AXISBANK,1149.85,1162.15,1.0697047440970722
2024,May,5,BAJAJ-AUTO,9110.65,9084.75,-0.2842826801600285
2024,May,5,BAJAJFINSV,1615.45,1528.6,-5.376210962889606
2024,May,5,BAJFINANCE,6882.7,6697.7,-2.6878986444273325
2024,May,5,BEL,234.75,295.95,26.0702875399361
2024,May,5,BHARTIARTL,1304.05,1372.75,5.268202906330282
2024,May,5,BPCL,317.33,313.9,-1.080893706866671
2024,May,5,BRITANNIA,4759.65,5179.8,8.827329740632202
2024,May,5,CIPLA,1420.05,1447.2,1.9119045104045698
2024,May,5,COALINDIA,453.9,491.2,8.217669090107957
2024,May,5,DRREDDY,1257.5,1158.37,-7.883101391650108
2024,May,5,EICHERMOT,4602.4,4733.45,2.847427429167395
2024,May,5,GRASIM,2437.35,2316.25,-4.9685108827209845
2024,May,5,HCLTECH,1360.7,1324.1,-2.689792018813856
2024,May,5,HDFCBANK,1532.25,1531.55,-0.04568445097079755
2024,May,5,HDFCLIFE,576.35,549.85,-4.597900581244035
2024,May,5,HEROMOTOCO,4561.5,5119.6,12.235010413241266
2024,May,5,HINDALCO,641.45,689.35,7.467456543768021
2024,May,5,HINDUNILVR,2226.3,2329.05,4.615280959439428
2024,May,5,ICICIBANK,1139.45,1121.05,-1.614814164728605
2024,May,5,INDUSINDBK,1505.2,1461.85,-2.8800159447249625
2024,May,5,INFY,1414.45,1406.9,-0.5337763795114677
2024,May,5,ITC,439.0,426.45,-2.8587699316628727
2024,May,5,JSWSTEEL,890.35,880.55,-1.1006907395967955
2024,May,5,KOTAKBANK,1575.65,1680.4,6.648050011106527
2024,May,5,LT,3599.5,3669.3,1.939158216418952
2024,May,5,M&M,2185.15,2506.25,14.69464338832574
2024,May,5,MARUTI,12805.35,12399.3,-3.170940271058589
2024,May,5,NESTLEIND,2512.3,2354.9,-6.26517533734029
2024,May,5,NTPC,369.05,359.0,-2.7232082373662134
2024,May,5,ONGC,282.8,264.35,-6.52404526166902
2024,May,5,POWERGRID,313.6,310.0,-1.1479591836734766
2024,May,5,RELIANCE,1466.55,1430.4,-2.4649688043366993
2024,May,5,SBILIFE,1460.9,1386.4,-5.0995961393661435
2024,May,5,SBIN,830.05,830.35,0.03614240106018532
2024,May,5,SHRIRAMFIN,2582.1,2354.05,-8.83195848340497
2024,May,5,SUNPHARMA,1519.0,1459.8,-3.8973008558262046
2024,May,5,TATACONSUM,1077.75,1047.23,-2.831825562514496
2024,May,5,TATAMOTORS,1027.8,923.0,-10.196536291107215
2024,May,5,TATASTEEL,167.35,167.2,-0.08963250672244141
2024,May,5,TCS,3863.3,3670.95,-4.9789040457639935
2024,May,5,TECHM,1266.9,1228.45,-3.0349672428763155
2024,May,5,TITAN,3568.45,3241.9,-9.151031960655178
2024,May,5,TRENT,4646.7,4559.15,-1.8841328254460192
2024,May,5,ULTRACEMCO,9983.45,9915.5,-0.6806264367528332
2024,May,5,WIPRO,457.4,438.2,-4.197638828159158
2024,June,6,ADANIENT,3645.25,3177.15,-12.841368904739042
2024,June,6,ADANIPORTS,1583.95,1478.1,-6.682660437513818
2024,June,6,APOLLOHOSP,5851.2,6185.7,5.7167760459392944
2024,June,6,ASIANPAINT,2866.45,2917.05,1.7652496991051778
2024,June,6,AXISBANK,1223.9,1265.25,3.3785439986926957
2024,June,6,BAJAJ-AUTO,9335.45,9501.65,1.780310536717554
2024,June,6,BAJAJFINSV,1575.8,1588.15,0.7837288996065577
2024,June,6,BAJFINANCE,6915.55,7115.55,2.8920331716204783
2024,June,6,BEL,318.65,305.9,-4.001255295779068
2024,June,6,BHARTIARTL,1391.1,1444.05,3.8063403062324817
2024,June,6,BPCL,333.08,303.95,-8.745646691485529
2024,June,6,BRITANNIA,5167.8,5475.55,5.955145322961415
2024,June,6,CIPLA,1452.35,1480.8,1.958894205942097
2024,June,6,COALINDIA,512.35,473.15,-7.6510198106763045
2024,June,6,DRREDDY,1156.66,1280.47,10.704096277211967
2024,June,6,EICHERMOT,4670.85,4672.95,0.044959696843175315
2024,June,6,GRASIM,2368.8,2670.45,12.734295845997956
2024,June,6,HCLTECH,1314.45,1459.6,11.042641408954305
2024,June,6,HDFCBANK,1572.2,1683.8,7.098333545350459
2024,June,6,HDFCLIFE,550.1,595.05,8.171241592437726
2024,June,6,HEROMOTOCO,5160.6,5579.6,8.119210944463822
2024,June,6,HINDALCO,695.95,693.55,-0.3448523600833524
2024,June,6,HINDUNILVR,2355.9,2473.05,4.972621927925637
2024,June,6,ICICIBANK,1160.0,1199.6,3.413793103448268
2024,June,6,INDUSINDBK,1529.7,1464.5,-4.262273648427799
2024,June,6,INFY,1405.9,1566.75,11.441069777366804
2024,June,6,ITC,430.35,424.9,-1.2664110607645045
2024,June,6,JSWSTEEL,915.3,931.5,1.769911504424784
2024,June,6,KOTAKBANK,1718.05,1802.5,4.915456476819653
2024,June,6,LT,3897.15,3548.45,-8.947564245666712
2024,June,6,M&M,2634.0,2866.65,8.832574031890664
2024,June,6,MARUTI,12476.15,12033.85,-3.545164173242541
2024,June,6,NESTLEIND,2355.05,2551.65,8.348018088787919
2024,June,6,NTPC,391.8,378.35,-3.4328739152628867
2024,June,6,ONGC,284.1,274.2,-3.484688489968333
2024,June,6,POWERGRID,337.65,330.95,-1.9843032726195733
2024,June,6,RELIANCE,1510.33,1565.4,3.6462230108651865
2024,June,6,SBILIFE,1391.5,1491.95,7.218828602227815
2024,June,6,SBIN,905.65,848.95,-6.260696737150105
2024,June,6,SHRIRAMFIN,2509.15,2911.5,16.035310762608848
2024,June,6,SUNPHARMA,1453.05,1520.85,4.666047279859602
2024,June,6,TATACONSUM,1056.02,1083.98,2.6476771273271376
2024,June,6,TATAMOTORS,950.45,989.75,4.1348834762480875
2024,June,6,TATASTEEL,174.25,174.01,-0.13773314203730797
2024,June,6,TCS,3702.85,3904.15,5.436353079384803
2024,June,6,TECHM,1245.35,1430.35,14.855261573051754
2024,June,6,TITAN,3261.2,3404.2,4.384888997914879
2024,June,6,TRENT,4662.2,5479.85,17.5378576637639
2024,June,6,ULTRACEMCO,10470.05,11667.9,11.440728554304902
2024,June,6,WIPRO,444.1,514.85,15.931096599864894
2024,July,7,ADANIENT,3183.8,3169.4,-0.4522897166907497
2024,July,7,ADANIPORTS,1474.5,1569.9,6.469989827060027
2024,July,7,APOLLOHOSP,6140.5,6615.3,7.732269359172708
2024,July,7,ASIANPAINT,2927.8,3084.45,5.350433772798676
2024,July,7,AXISBANK,1261.9,1166.1,-7.591726761233075
2024,July,7,BAJAJ-AUTO,9532.4,9664.2,1.3826528471318984
2024,July,7,BAJAJFINSV,1580.2,1651.65,4.521579546892801
2024,July,7,BAJFINANCE,7276.75,6806.95,-6.456178926031542
2024,July,7,BEL,307.65,316.05,2.7303754266211717
2024,July,7,BHARTIARTL,1454.0,1491.55,2.5825309491059114
2024,July,7,BPCL,304.55,350.05,14.940075521260876
2024,July,7,BRITANNIA,5476.5,5784.45,5.623116954259104
2024,July,7,CIPLA,1479.1,1544.3,4.408085998242178
2024,July,7,COALINDIA,474.8,522.2,9.983150800336992
2024,July,7,DRREDDY,1270.74,1350.1,6.2451799738734834
2024,July,7,EICHERMOT,4635.55,4962.7,7.057414977726475
2024,July,7,GRASIM,2726.4,2776.75,1.8467576291079777
2024,July,7,HCLTECH,1468.85,1642.6,11.828981856554448
2024,July,7,HDFCBANK,1705.2,1615.75,-5.2457189772460735
2024,July,7,HDFCLIFE,600.75,715.5,19.101123595505616
2024,July,7,HEROMOTOCO,5603.1,5488.45,-2.046188716960264
2024,July,7,HINDALCO,689.85,669.6,-2.935420743639922
2024,July,7,HINDUNILVR,2505.1,2705.65,8.005668436389772
2024,July,7,ICICIBANK,1211.85,1214.9,0.2516813136939541
2024,July,7,INDUSINDBK,1456.9,1427.8,-1.9973917221497792
2024,July,7,INFY,1590.8,1868.25,17.44091023384461
2024,July,7,ITC,429.05,495.35,15.452744435380495
2024,July,7,JSWSTEEL,943.9,928.25,-1.6580146201928148
2024,July,7,KOTAKBANK,1808.1,1807.9,-0.01106133510313689
2024,July,7,LT,3526.55,3815.0,8.179382115665447
2024,July,7,M&M,2875.85,2907.8,1.110975885390416
2024,July,7,MARUTI,12108.65,13115.8,8.317607660639293
2024,July,7,NESTLEIND,2568.1,2456.35,-4.351466064405591
2024,July,7,NTPC,369.75,416.0,12.50845165652468
2024,July,7,ONGC,272.95,334.2,22.44000732734933
2024,July,7,POWERGRID,329.6,348.2,5.643203883495135
2024,July,7,RELIANCE,1560.15,1505.43,-3.5073550620132696
2024,July,7,SBILIFE,1501.85,1753.65,16.765988614042694
2024,July,7,SBIN,841.95,872.4,3.6166043114199096
2024,July,7,SHRIRAMFIN,2924.25,2931.95,0.26331538001196264
2024,July,7,SUNPHARMA,1520.1,1719.35,13.10769028353398
2024,July,7,TATACONSUM,1081.11,1188.95,9.974933170537703
2024,July,7,TATAMOTORS,1002.05,1156.65,15.428371837732662
2024,July,7,TATASTEEL,174.07,165.33,-5.020968575860276
2024,July,7,TCS,3978.2,4385.35,10.234528178573237
2024,July,7,TECHM,1472.1,1554.4,5.590652808912451
2024,July,7,TITAN,3431.45,3458.95,0.8014104824491105
2024,July,7,TRENT,5515.65,5839.0,5.862409688794619
2024,July,7,ULTRACEMCO,11904.65,11887.2,-0.14658137786494277
2024,July,7,WIPRO,527.35,522.0,-1.0145064947378444
2024,August,8,ADANIENT,3217.25,3019.35,-6.151216100707129
2024,August,8,ADANIPORTS,1590.15,1481.9,-6.807533880451529
2024,August,8,APOLLOHOSP,6706.4,6927.5,3.2968507694142968
2024,August,8,ASIANPAINT,3099.35,3126.8,0.8856695758788221
2024,August,8,AXISBANK,1172.3,1175.25,0.251642071142203
2024,August,8,BAJAJ-AUTO,9730.5,10891.55,11.932069266738598
2024,August,8,BAJAJFINSV,1634.8,1783.05,9.068387570344996
2024,August,8,BAJFINANCE,6771.65,7200.15,6.327852148294729
2024,August,8,BEL,311.15,299.3,-3.808452514864203
2024,August,8,BHARTIARTL,1505.5,1589.05,5.549651278644966
2024,August,8,BPCL,349.1,357.65,2.4491549699226454
2024,August,8,BRITANNIA,5730.15,5855.25,2.1831889217559812
2024,August,8,CIPLA,1546.2,1654.9,7.030138403828744
2024,August,8,COALINDIA,540.4,524.95,-2.858993338267937
2024,August,8,DRREDDY,1377.59,1406.27,2.0818966455912182
2024,August,8,EICHERMOT,4968.8,4960.5,-0.16704234422798625
2024,August,8,GRASIM,2767.0,2698.85,-2.4629562703288794
2024,August,8,HCLTECH,1640.55,1753.25,6.8696473743561635
2024,August,8,HDFCBANK,1638.8,1636.9,-0.11593849157919597
2024,August,8,HDFCLIFE,713.6,738.7,3.517376681614353
2024,August,8,HEROMOTOCO,5371.85,5455.4,1.5553301004309366
2024,August,8,HINDALCO,673.5,701.35,4.1351150705271005
2024,August,8,HINDUNILVR,2715.55,2778.0,2.299718289112696
2024,August,8,ICICIBANK,1210.1,1229.2,1.5783819519048126
2024,August,8,INDUSINDBK,1419.85,1425.25,0.3803218649857444
2024,August,8,INFY,1852.6,1943.7,4.917413365000548
2024,August,8,ITC,493.7,501.9,1.6609276888798843
2024,August,8,JSWSTEEL,934.55,941.1,0.7008720774704477
2024,August,8,KOTAKBANK,1792.65,1780.8,-0.6610325495774487
2024,August,8,LT,3779.3,3704.65,-1.9752335088508477
2024,August,8,M&M,2828.4,2805.4,-0.8131805968038466
2024,August,8,MARUTI,13359.05,12403.0,-7.156571762213626
2024,August,8,NESTLEIND,2484.0,2500.75,0.6743156199677939
2024,August,8,NTPC,423.45,416.2,-1.7121265792891724
2024,August,8,ONGC,341.75,330.75,-3.218727139722019
2024,August,8,POWERGRID,361.1,337.4,-6.563278870119092
2024,August,8,RELIANCE,1515.3,1509.63,-0.3741833300336465
2024,August,8,SBILIFE,1767.25,1850.3,4.699391710284337
2024,August,8,SBIN,862.65,815.6,-5.454123920477593
2024,August,8,SHRIRAMFIN,2989.25,3204.5,7.20080287697583
2024,August,8,SUNPHARMA,1715.2,1821.65,6.206273320895525
2024,August,8,TATACONSUM,1208.35,1200.15,-0.6786113294988885
2024,August,8,TATAMOTORS,1144.4,1111.35,-2.8879762320866984
2024,August,8,TATASTEEL,163.06,152.76,-6.31669324175151
2024,August,8,TCS,4397.1,4553.75,3.5625753337426853
2024,August,8,TECHM,1544.45,1636.5,5.960050503415452
2024,August,8,TITAN,3468.35,3565.15,2.7909524701947666
2024,August,8,TRENT,5770.8,7158.75,24.051258057808273
2024,August,8,ULTRACEMCO,11984.5,11301.9,-5.695690266594354
2024,August,8,WIPRO,521.55,538.4,3.230754481833002
2024,September,9,ADANIENT,3042.15,3135.85,3.080058511250261
2024,September,9,ADANIPORTS,1494.5,1448.2,-3.098026095684172
2024,September,9,APOLLOHOSP,6880.05,7199.15,4.638047688606906
2024,September,9,ASIANPAINT,3150.95,3329.1,5.653850426061985
2024,September,9,AXISBANK,1188.8,1232.2,3.6507402422611115
2024,September,9,BAJAJ-AUTO,11126.1,12345.95,10.963859753192946
2024,September,9,BAJAJFINSV,1840.55,1973.4,7.217951155904492
2024,September,9,BAJFINANCE,7440.05,7703.0,3.5342504418653076
2024,September,9,BEL,296.9,285.1,-3.974402155607934
2024,September,9,BHARTIARTL,1571.35,1709.55,8.794985203805648
2024,September,9,BPCL,358.45,369.95,3.2082577765378715
2024,September,9,BRITANNIA,5922.15,6338.15,7.024475908242783
2024,September,9,CIPLA,1646.65,1654.1,0.45243372908631574
2024,September,9,COALINDIA,520.85,510.15,-2.0543342613036466
2024,September,9,DRREDDY,1374.43,1350.32,-1.7541817335186314
2024,September,9,EICHERMOT,4911.95,5026.25,2.326978084060306
2024,September,9,GRASIM,2690.8,2795.55,3.8928943065259403
2024,September,9,HCLTECH,1806.65,1796.1,-0.5839537265104022
2024,September,9,HDFCBANK,1626.95,1732.05,6.459940379237217
2024,September,9,HDFCLIFE,745.3,718.0,-3.6629545149604126
2024,September,9,HEROMOTOCO,5578.2,5712.4,2.4057939837223445
2024,September,9,HINDALCO,683.9,756.2,10.571721011843847
2024,September,9,HINDUNILVR,2789.05,2958.3,6.068374536132374
2024,September,9,ICICIBANK,1229.95,1273.0,3.50014228220659
2024,September,9,INDUSINDBK,1449.05,1447.6,-0.1000655601946134
2024,September,9,INFY,1964.5,1875.6,-4.525324510053454
2024,September,9,ITC,510.05,518.15,1.588079600039205
2024,September,9,JSWSTEEL,940.45,1030.05,9.52735392631186
2024,September,9,KOTAKBANK,1780.25,1853.95,4.13986799606797
2024,September,9,LT,3683.1,3675.55,-0.20499036138035154
2024,September,9,M&M,2777.0,3094.9,11.44760532949226
2024,September,9,MARUTI,12427.4,13238.0,6.522683747203763
2024,September,9,NESTLEIND,2509.9,2689.95,7.173592573409287
2024,September,9,NTPC,410.0,443.2,8.097560975609754
2024,September,9,ONGC,326.2,297.6,-8.767627222562835
2024,September,9,POWERGRID,335.55,352.85,5.155714498584417
2024,September,9,RELIANCE,1516.25,1476.58,-2.616323165704869
2024,September,9,SBILIFE,1888.75,1844.0,-2.369291859695566
2024,September,9,SBIN,822.15,787.9,-4.16590646475704
2024,September,9,SHRIRAMFIN,3225.25,3576.95,10.904581040229434
2024,September,9,SUNPHARMA,1815.95,1926.7,6.098736198683884
2024,September,9,TATACONSUM,1199.7,1196.95,-0.2292239726598316
2024,September,9,TATAMOTORS,1092.65,974.65,-10.799432572186895
2024,September,9,TATASTEEL,152.88,168.55,10.249869178440619
2024,September,9,TCS,4521.05,4268.5,-5.586091726479473
2024,September,9,TECHM,1646.65,1577.2,-4.2176540248383105
2024,September,9,TITAN,3587.55,3823.95,6.589455199230662
2024,September,9,TRENT,7148.2,7574.65,5.965837553509972
2024,September,9,ULTRACEMCO,11424.9,11802.0,3.3006853451671385
2024,September,9,WIPRO,532.45,541.45,1.690299558644004
2024,October,10,ADANIENT,3186.1,2947.25,-7.496625969053072
2024,October,10,ADANIPORTS,1467.5,1375.95,-6.2385008517887535
2024,October,10,APOLLOHOSP,7153.35,7022.7,-1.826416993436649
2024,October,10,ASIANPAINT,3277.35,2935.65,-10.426106457961458
2024,October,10,AXISBANK,1226.65,1159.55,-5.470183018791027
2024,October,10,BAJAJ-AUTO,12157.45,9836.3,-19.09240835866075
2024,October,10,BAJAJFINSV,1975.25,1750.75,-11.365649917731933
2024,October,10,BAJFINANCE,7703.0,6889.75,-10.5575749707906
2024,October,10,BEL,283.95,284.9,0.3345659447085715
2024,October,10,BHARTIARTL,1698.7,1612.6,-5.0685818567139655
2024,October,10,BPCL,368.25,310.75,-15.614392396469789
2024,October,10,BRITANNIA,6446.05,5726.9,-11.156444644394638
2024,October,10,CIPLA,1664.85,1551.75,-6.793404811244251
2024,October,10,COALINDIA,508.5,452.05,-11.101278269419861
2024,October,10,DRREDDY,1349.82,1274.2,-5.602228445274177
2024,October,10,EICHERMOT,4972.65,4894.65,-1.5685801333293115
2024,October,10,GRASIM,2801.15,2695.85,-3.7591703407529113
2024,October,10,HCLTECH,1816.5,1766.05,-2.777319020093589
2024,October,10,HDFCBANK,1726.2,1735.7,0.5503417912177037
2024,October,10,HDFCLIFE,710.2,720.15,1.4010137989298692
2024,October,10,HEROMOTOCO,5750.1,4989.55,-13.226726491713189
2024,October,10,HINDALCO,761.55,686.05,-9.913991202153504
2024,October,10,HINDUNILVR,2923.75,2528.25,-13.527148353997434
2024,October,10,ICICIBANK,1274.4,1292.25,1.4006591337099739
2024,October,10,INDUSINDBK,1409.7,1055.6,-25.11881960700859
2024,October,10,INFY,1904.35,1757.25,-7.724420405912774
2024,October,10,ITC,516.2,488.8,-5.308020147229762
2024,October,10,JSWSTEEL,1027.3,963.65,-6.1958532074369685
2024,October,10,KOTAKBANK,1879.4,1731.1,-7.8908162179419055
2024,October,10,LT,3653.5,3622.3,-0.8539756397974494
2024,October,10,M&M,3165.5,2728.55,-13.80350655504659
2024,October,10,MARUTI,13166.0,11076.45,-15.870803584991638
2024,October,10,NESTLEIND,2707.05,2262.95,-16.405312055558646
2024,October,10,NTPC,440.1,408.15,-7.259713701431503
2024,October,10,ONGC,291.95,266.15,-8.837129645487245
2024,October,10,POWERGRID,350.8,320.8,-8.55188141391106
2024,October,10,RELIANCE,1464.83,1332.05,-9.064533085750563
2024,October,10,SBILIFE,1834.2,1622.15,-11.560898484352848
2024,October,10,SBIN,796.95,820.2,2.9173724825898737
2024,October,10,SHRIRAMFIN,3570.4,3138.9,-12.085480618418105
2024,October,10,SUNPHARMA,1919.95,1848.9,-3.7006172035730076
2024,October,10,TATACONSUM,1196.25,1002.55,-16.192267502612335
2024,October,10,TATAMOTORS,965.2,834.05,-13.58785743887278
2024,October,10,TATASTEEL,167.03,148.56,-11.057893791534454
2024,October,10,TCS,4287.9,3968.45,-7.4500338160871244
2024,October,10,TECHM,1625.4,1608.65,-1.0305155653992863
2024,October,10,TITAN,3775.95,3267.05,-13.477403037646146
2024,October,10,TRENT,7612.7,7128.35,-6.3623944198510305
2024,October,10,ULTRACEMCO,11837.15,11065.65,-6.517616149157525
2024,October,10,WIPRO,546.75,551.8,0.9236396890717795
2024,November,11,ADANIENT,2949.5,2228.0,-24.461773181895236
2024,November,11,ADANIPORTS,1394.4,1136.75,-18.477481353987383
2024,November,11,APOLLOHOSP,7031.95,6935.1,-1.3772851058383444
2024,November,11,ASIANPAINT,2939.85,2472.2,-15.90727418065548
2024,November,11,AXISBANK,1169.55,1142.4,-2.321405668846981
2024,November,11,BAJAJ-AUTO,9875.95,9481.65,-3.9925273011710374
2024,November,11,BAJAJFINSV,1754.7,1600.85,-8.767880549381669
2024,November,11,BAJFINANCE,6923.6,6683.95,-3.4613495869201074
2024,November,11,BEL,288.65,280.85,-2.702234540100452
2024,November,11,BHARTIARTL,1616.45,1569.3,-2.916885768195743
2024,November,11,BPCL,313.0,285.85,-8.67412140575079
2024,November,11,BRITANNIA,5693.05,4848.35,-14.837389448538127
2024,November,11,CIPLA,1559.55,1486.5,-4.684043474079058
2024,November,11,COALINDIA,454.15,414.05,-8.829681823186165
2024,November,11,DRREDDY,1259.6,1214.45,-3.5844712607176774
2024,November,11,EICHERMOT,4953.6,4986.2,0.6581072351421078
2024,November,11,GRASIM,2698.9,2598.65,-3.71447626810923
2024,November,11,HCLTECH,1757.4,1898.4,8.02321611471492
2024,November,11,HDFCBANK,1737.3,1745.6,0.47775283485868614
2024,November,11,HDFCLIFE,723.7,688.2,-4.905347519690479
2024,November,11,HEROMOTOCO,5020.5,4794.1,-4.509511004879984
2024,November,11,HINDALCO,690.9,652.1,-5.6158633666232385
2024,November,11,HINDUNILVR,2537.5,2445.25,-3.6354679802955667
2024,November,11,ICICIBANK,1291.8,1278.05,-1.0644062548382103
2024,November,11,INDUSINDBK,1062.5,998.2,-6.0517647058823485
2024,November,11,INFY,1760.85,1902.25,8.030212681375478
2024,November,11,ITC,490.3,474.65,-3.1919233122578086
2024,November,11,JSWSTEEL,968.3,977.35,0.9346276980274779
2024,November,11,KOTAKBANK,1744.4,1761.45,0.9774134372850237
2024,November,11,LT,3626.35,3603.5,-0.6301101658692599
2024,November,11,M&M,2817.65,3012.95,6.931308004897689
2024,November,11,MARUTI,11110.0,11063.6,-0.41764176417641435
2024,November,11,NESTLEIND,2282.3,2247.3,-1.5335407264601497
2024,November,11,NTPC,411.35,365.45,-11.158380940804676
2024,November,11,ONGC,271.75,245.6,-9.622815087396507
2024,November,11,POWERGRID,322.05,336.95,4.626610774724414
2024,November,11,RELIANCE,1338.65,1265.4,-5.4719306764277444
2024,November,11,SBILIFE,1628.85,1485.15,-8.82217515424992
2024,November,11,SBIN,821.2,816.05,-0.6271310277642584
2024,November,11,SHRIRAMFIN,3150.95,2850.05,-9.549500944159686
2024,November,11,SUNPHARMA,1858.4,1795.3,-3.3953938872148157
2024,November,11,TATACONSUM,1004.1,945.2,-5.865949606612885
2024,November,11,TATAMOTORS,843.45,791.0,-6.2185073211215895
2024,November,11,TATASTEEL,149.75,142.78,-4.654424040066777
2024,November,11,TCS,3984.2,4244.6,6.535816475076567
2024,November,11,TECHM,1603.65,1747.45,8.967043931032329
2024,November,11,TITAN,3293.7,3308.7,0.45541488295837507
2024,November,11,TRENT,7149.0,6652.8,-6.940830885438521
2024,November,11,ULTRACEMCO,11145.8,11375.3,2.0590715785318237
2024,November,11,WIPRO,551.35,571.65,3.681871769293544
